{"run_acc1": 0.6094333529472351, "run_acc2": 0.8004222512245178, "run_acc3": 0.8771333694458008, "run_mat_acc1": 0.7101110816001892, "run_mat_acc2": 0.8745222091674805, "run_mat_acc3": 0.9210333228111267}