{"origin": {"recall": {"wallpaperpvc_blue": 0.1434, "wallpaperpvc_grey": 0.7592, "wallpaperpvc_white": 0.3268, "wallpaperpvc_wood": 0.3928, "carpet_yellow": 0.3118, "carpet_green": 0.3914, "carpet_blackstripe": 0.9966, "carpet_yellowstripe": 0.9616, "absplastic_white": 0.3704, "absplasticrough_white": 0.797, "acrylic_white": 0.504, "aluminum_silver": 0.9828, "hardpaper_white": 0.4852, "felt_white": 0.9122, "metal_white": 0.0942, "sponge_white": 0.9896, "towel_white": 0.8062, "wovenbag_white": 0.7446, "total": 0.6094333333333334}, "accuracy": {"wallpaperpvc_blue": 0.5095948827292112, "wallpaperpvc_grey": 0.3443708609271523, "wallpaperpvc_white": 0.46739130434782616, "wallpaperpvc_wood": 0.7118521203334541, "carpet_yellow": 0.47763480392156865, "carpet_green": 0.4965744734838873, "carpet_blackstripe": 0.9826464208242951, "carpet_yellowstripe": 0.9975103734439834, "absplastic_white": 0.5811107624725447, "absplasticrough_white": 0.5902829210487336, "acrylic_white": 0.5558006175562419, "aluminum_silver": 0.5868163362789586, "hardpaper_white": 0.3275722387253578, "felt_white": 0.9212280347404564, "metal_white": 0.6254980079681275, "sponge_white": 0.8216539355695781, "towel_white": 0.5381124015485249, "wovenbag_white": 0.7837894736842105, "total": 0.6288577760891173}}, "material": {"recall": {"absplastic_white": 0.3704, "absplasticrough_white": 0.797, "acrylic_white": 0.504, "aluminum_silver": 0.9828, "carpet_combine": 0.7776000000000001, "felt_white": 0.9122, "hardpaper_white": 0.4852, "metal_white": 0.0942, "sponge_white": 0.9896, "towel_white": 0.8062, "wovenbag_white": 0.7446, "wallpaperpvc_combine": 0.7463500000000001, "total": 0.6841791666666667}, "accuracy": {"absplastic_white": 0.6344095229939197, "absplasticrough_white": 0.5952425407968932, "acrylic_white": 0.7416672798175264, "aluminum_silver": 0.6498495718583662, "carpet_combine": 0.7158573072497123, "felt_white": 0.9245894992904926, "hardpaper_white": 0.44276132682392666, "metal_white": 0.6916299559471365, "sponge_white": 0.8907691615284216, "towel_white": 0.699007239779772, "wovenbag_white": 0.910102059524537, "wallpaperpvc_combine": 0.498247605060249, "total": 0.6995110892225793}}, "innermaterial": {"recall": {"carpet_blackstripe": 0.9966, "carpet_green": 0.3914, "carpet_yellow": 0.3118, "carpet_yellowstripe": 0.9616, "sponge_white": 0.9896, "wallpaperpvc_blue": 0.1434, "wallpaperpvc_grey": 0.7592, "wallpaperpvc_white": 0.3268, "wallpaperpvc_wood": 0.3928, "wovenbag_white": 0.7446, "others": 0.859675, "total": 0.625225}, "accuracy": {"carpet_blackstripe": 0.9918885294849465, "carpet_green": 0.5770308123249299, "carpet_yellow": 0.616449189402926, "carpet_yellowstripe": 0.9985980580507815, "sponge_white": 0.8792731957617895, "wallpaperpvc_blue": 0.606534841916041, "wallpaperpvc_grey": 0.4181595362350771, "wallpaperpvc_white": 0.5851387645478963, "wallpaperpvc_wood": 0.7605770161680705, "wovenbag_white": 0.8057569527107455, "others": 0.32177379359390645, "total": 0.6873800627451918}}}